<?xml version="1.0" encoding="utf-8" standalone="no" ?>
<GUI onOpen="onOpen" onClose="onClose" onCreate="onCreate">
  <GuiElement profile="newLayer" />
  <Bitmap profile="dialogFullscreenBg"/>
  <GuiElement profile="fs25_dialogBg" id="dialogElement" size="1600px 900px">
    <ThreePartBitmap profile="fs25_dialogBgMiddleSmall"/>
    <ThreePartBitmap profile="fs25_dialogBgTopSmall"/>
    <ThreePartBitmap profile="fs25_dialogBgBottom"/>

    <GuiElement profile="fs25_dialogContentContainer">
      <Text profile="fs25_dialogTitle" id="guiTitle" position="0px -20px"/>
      <ThreePartBitmap profile="fs25_lineSeparatorTop" absoluteSizeOffset="100px 0px" position="0px -80px"/>

      <ScrollingLayout profile="fs25_settingsLayout" id="boxLayout" topClipperElementName="topClipper" bottomClipperElementName="bottomClipper" position="10px -110px" width="1560px" height="680px">
        <!-- headland settings -->
        <Text profile="fs25_settingsSectionHeader" id="sectionHeadlandSettings"/>
        <!-- headland mode -->
        <GuiElement profile="fs25_EVSettingsMultiTextOptionWrapper">
          <MultiTextOption profile="fs25_EVSettingsMultiTextOption" id="headlandModeSetting">
            <Text profile="fs25_EVSettingsMultiTextOptionTooltip" name="ignore" id="headlandModeTT"/>
          </MultiTextOption>
          <Text profile="fs25_EVMultiTextTitle" id="headlandModeTitle"/>
        </GuiElement>
        <!-- headland distance -->
        <GuiElement profile="fs25_EVSettingsMultiTextOptionWrapper">
          <MultiTextOption profile="fs25_EVSettingsMultiTextOption" id="headlandDistanceSetting">
            <Text profile="fs25_EVSettingsMultiTextOptionTooltip" name="ignore" id="headlandDistanceTT"/>
          </MultiTextOption>
          <Text profile="fs25_EVMultiTextTitle" id="headlandDistanceTitle"/>
        </GuiElement>
        <!-- headland sound trigger distance -->
        <GuiElement profile="fs25_EVSettingsMultiTextOptionWrapper">
          <MultiTextOption profile="fs25_EVSettingsMultiTextOption" id="headlandSoundTriggerDistanceSetting">
            <Text profile="fs25_EVSettingsMultiTextOptionTooltip" name="ignore" id="headlandSoundTriggerDistanceTT"/>
          </MultiTextOption>
          <Text profile="fs25_EVMultiTextTitle" id="headlandSoundTriggerDistanceTitle"/>
        </GuiElement>

        <!-- snap settings -->
        <Text profile="fs25_settingsSectionHeader" id="sectionSnapSettings"/>
        <!-- show lines -->
        <GuiElement profile="fs25_EVSettingsMultiTextOptionWrapper">
          <MultiTextOption profile="fs25_EVSettingsMultiTextOption" id="showLinesSetting">
            <Text profile="fs25_EVSettingsMultiTextOptionTooltip" name="ignore" id="showLinesTT"/>
          </MultiTextOption>
          <Text profile="fs25_EVMultiTextTitle" id="showLinesTitle"/>
        </GuiElement>
        <!-- auto-hide lines -->
        <GuiElement profile="fs25_EVSettingsMultiTextOptionWrapper">
          <BinaryOption profile="fs25_EVSettingsBinaryOption" id="hideLinesSetting">
            <Text profile="fs25_EVSettingsMultiTextOptionTooltip" name="ignore" id="hideLinesTT"/>
          </BinaryOption>
          <Text profile="fs25_EVMultiTextTitle" id="hideLinesTitle"/>
        </GuiElement>
        <!-- auto-hide lines seconds -->
        <GuiElement profile="fs25_EVSettingsMultiTextOptionWrapper">
          <MultiTextOption profile="fs25_EVSettingsMultiTextOption" id="hideLinesAfterSetting">
            <Text profile="fs25_EVSettingsMultiTextOptionTooltip" name="ignore" id="hideLinesAfterTT"/>
          </MultiTextOption>
          <Text profile="fs25_EVMultiTextTitle" id="hideLinesAfterTitle"/>
        </GuiElement>
        <!-- angle -->
        <GuiElement profile="fs25_EVSettingsMultiTextOptionWrapper">
          <TextInput profile="fs25_EVSettingsTextInput" id="snapSettingsAngleValue" focusOnHighlight="true" onTextChanged="onTextChanged_SnapAngle" imeKeyboardType="normal">
            <ThreePartBitmap profile="fs25_textInputBg"/>
            <Bitmap profile="fs25_textInputIconBox">
              <Bitmap profile="fs25_textInputIcon"/>
            </Bitmap>
            <Text profile="fs25_EVSettingsMultiTextOptionTooltip" name="ignore" id="snapSettingsAngleTT" position="680px 0px"/>
          </TextInput>
          <Text profile="fs25_EVMultiTextTitle" id="snapSettingsAngleTitle"/>
        </GuiElement>
        <!-- number of visible tracks -->
        <GuiElement profile="fs25_EVSettingsMultiTextOptionWrapper">
          <MultiTextOption profile="fs25_EVSettingsMultiTextOption" id="visibleTracksSetting">
            <Text profile="fs25_EVSettingsMultiTextOptionTooltip" name="ignore" id="visibleTracksTT"/>
          </MultiTextOption>
          <Text profile="fs25_EVMultiTextTitle" id="visibleTracksTitle"/>
        </GuiElement>

        <!-- hud -->
        <Text profile="fs25_settingsSectionHeader" id="sectionHUD"/>
        <!-- HUD: track -->
        <GuiElement profile="fs25_EVSettingsMultiTextOptionWrapper">
          <BinaryOption profile="fs25_EVSettingsBinaryOption" id="HUDtrackSetting">
            <Text profile="fs25_EVSettingsMultiTextOptionTooltip" name="ignore" id="HUDtrackTT"/>
          </BinaryOption>
          <Text profile="fs25_EVMultiTextTitle" id="HUDtrackTitle"/>
        </GuiElement>
        <!-- HUD: diff -->
        <GuiElement profile="fs25_EVSettingsMultiTextOptionWrapper">
          <BinaryOption profile="fs25_EVSettingsBinaryOption" id="HUDdiffSetting">
            <Text profile="fs25_EVSettingsMultiTextOptionTooltip" name="ignore" id="HUDdiffTT"/>
          </BinaryOption>
          <Text profile="fs25_EVMultiTextTitle" id="HUDdiffTitle"/>
        </GuiElement>
        <!-- HUD: park -->
        <GuiElement profile="fs25_EVSettingsMultiTextOptionWrapper">
          <BinaryOption profile="fs25_EVSettingsBinaryOption" id="HUDparkSetting">
            <Text profile="fs25_EVSettingsMultiTextOptionTooltip" name="ignore" id="HUDparkTT"/>
          </BinaryOption>
          <Text profile="fs25_EVMultiTextTitle" id="HUDparkTitle"/>
        </GuiElement>
        <!-- HUD: dmg -->
        <GuiElement profile="fs25_EVSettingsMultiTextOptionWrapper">
          <BinaryOption profile="fs25_EVSettingsBinaryOption" id="HUDdmgSetting">
            <Text profile="fs25_EVSettingsMultiTextOptionTooltip" name="ignore" id="HUDdmgTT"/>
          </BinaryOption>
          <Text profile="fs25_EVMultiTextTitle" id="HUDdmgTitle"/>
        </GuiElement>
        <GuiElement profile="fs25_EVSettingsMultiTextOptionWrapper">
          <BinaryOption profile="fs25_EVSettingsBinaryOption" id="HUDdmgAmountLeftSetting">
            <Text profile="fs25_EVSettingsMultiTextOptionTooltip" name="ignore" id="HUDdmgAmountLeftTT"/>
          </BinaryOption>
          <Text profile="fs25_EVMultiTextTitle" id="HUDdmgAmountLeftTitle"/>
        </GuiElement>
        <!-- HUD: fuel -->
        <GuiElement profile="fs25_EVSettingsMultiTextOptionWrapper">
          <BinaryOption profile="fs25_EVSettingsBinaryOption" id="HUDfuelSetting">
            <Text profile="fs25_EVSettingsMultiTextOptionTooltip" name="ignore" id="HUDfuelTT"/>
          </BinaryOption>
          <Text profile="fs25_EVMultiTextTitle" id="HUDfuelTitle"/>
        </GuiElement>
        <!-- HUD: rpm -->
        <GuiElement profile="fs25_EVSettingsMultiTextOptionWrapper">
          <BinaryOption profile="fs25_EVSettingsBinaryOption" id="HUDrpmSetting">
            <Text profile="fs25_EVSettingsMultiTextOptionTooltip" name="ignore" id="HUDrpmTT"/>
          </BinaryOption>
          <Text profile="fs25_EVMultiTextTitle" id="HUDrpmTitle"/>
        </GuiElement>
        <!-- HUD: temp -->
        <GuiElement profile="fs25_EVSettingsMultiTextOptionWrapper">
          <BinaryOption profile="fs25_EVSettingsBinaryOption" id="HUDtempSetting">
            <Text profile="fs25_EVSettingsMultiTextOptionTooltip" name="ignore" id="HUDtempTT"/>
          </BinaryOption>
          <Text profile="fs25_EVMultiTextTitle" id="HUDtempTitle"/>
        </GuiElement>
        <!-- HUD: odometer -->
        <GuiElement profile="fs25_EVSettingsMultiTextOptionWrapper">
          <BinaryOption profile="fs25_EVSettingsBinaryOption" id="HUDodoSetting">
            <Text profile="fs25_EVSettingsMultiTextOptionTooltip" name="ignore" id="HUDodoTT"/>
          </BinaryOption>
          <Text profile="fs25_EVMultiTextTitle" id="HUDodoTitle"/>
        </GuiElement>
        <!-- HUD: misc -->
        <GuiElement profile="fs25_EVSettingsMultiTextOptionWrapper">
          <BinaryOption profile="fs25_EVSettingsBinaryOption" id="HUDmiscSetting">
            <Text profile="fs25_EVSettingsMultiTextOptionTooltip" name="ignore" id="HUDmiscTT"/>
          </BinaryOption>
          <Text profile="fs25_EVMultiTextTitle" id="HUDmiscTitle"/>
        </GuiElement>

        <!-- global functions -->
        <Text profile="fs25_settingsSectionHeader" id="sectionGlobalFunctions"/>
        <!-- snap -->
        <GuiElement profile="fs25_EVSettingsMultiTextOptionWrapper">
          <BinaryOption profile="fs25_EVSettingsBinaryOption" id="snapSetting">
            <Text profile="fs25_EVSettingsMultiTextOptionTooltip" name="ignore" id="snapTT"/>
          </BinaryOption>
          <Text profile="fs25_EVMultiTextTitle" id="snapTitle"/>
        </GuiElement>
        <!-- differential -->
        <GuiElement profile="fs25_EVSettingsMultiTextOptionWrapper">
          <BinaryOption profile="fs25_EVSettingsBinaryOption" id="diffSetting">
            <Text profile="fs25_EVSettingsMultiTextOptionTooltip" name="ignore" id="diffTT"/>
          </BinaryOption>
          <Text profile="fs25_EVMultiTextTitle" id="diffTitle"/>
        </GuiElement>
        <!-- hydraulic -->
        <GuiElement profile="fs25_EVSettingsMultiTextOptionWrapper">
          <BinaryOption profile="fs25_EVSettingsBinaryOption" id="hydraulicSetting">
            <Text profile="fs25_EVSettingsMultiTextOptionTooltip" name="ignore" id="hydraulicTT"/>
          </BinaryOption>
          <Text profile="fs25_EVMultiTextTitle" id="hydraulicTitle"/>
        </GuiElement>
        <!-- parking brake -->
        <GuiElement profile="fs25_EVSettingsMultiTextOptionWrapper">
          <BinaryOption profile="fs25_EVSettingsBinaryOption" id="parkingBrakeSetting">
            <Text profile="fs25_EVSettingsMultiTextOptionTooltip" name="ignore" id="parkingBrakeTT"/>
          </BinaryOption>
          <Text profile="fs25_EVMultiTextTitle" id="parkingBrakeTitle"/>
        </GuiElement>
        <!-- odometer -->
        <GuiElement profile="fs25_EVSettingsMultiTextOptionWrapper">
          <BinaryOption profile="fs25_EVSettingsBinaryOption" id="odoMeterSetting">
            <Text profile="fs25_EVSettingsMultiTextOptionTooltip" name="ignore" id="odoMeterTT"/>
          </BinaryOption>
          <Text profile="fs25_EVMultiTextTitle" id="odoMeterTitle"/>
        </GuiElement>
      </ScrollingLayout>

      <Bitmap profile="fs25_settingsTooltipSeparator" height="680px" position="915px -110px"/>
    </GuiElement>

    <!-- buttons -->
    <BoxLayout profile="fs25_dialogButtonBox">
      <Button profile="fs25_EVRedButton" onClick="onClickResetConfig" id="resetConfigButton"/>
      <Bitmap profile="fs25_dialogButtonBoxSeparator"/>

      <Button profile="buttonBlock" onClick="onClickReloadConfig" id="reloadConfigButton"/>
      <Bitmap profile="fs25_dialogButtonBoxSeparator"/>

      <Button profile="buttonBack" id="noButton" text="$l10n_button_back" onClick="onClickBack"/>
      <Bitmap profile="fs25_dialogButtonBoxSeparator"/>
      <Button profile="buttonOK" id="yesButton" text="$l10n_button_ok" onClick="onClickOk"/>
    </BoxLayout>
  </GuiElement>

  <!-- scrollbar right -->
  <ThreePartBitmap profile="fs25_sliderDockedBg">
    <ThreePartBitmap profile="fs25_sliderDockedBox">
      <Slider profile="fs25_sliderDocked" dataElementId="boxLayout"/>
    </ThreePartBitmap>
  </ThreePartBitmap>

  <GUIProfiles>
    <Profile name="fs25_EVSettingsMultiTextOptionWrapper" extends="baseReference" with="anchorTopStretchingX">
      <width  value="870px"/>
      <height value="50px"/>
    </Profile>
    <Profile name="fs25_EVMultiTextTitle" extends="fs25_textDefault" with="anchorMiddleLeft">
      <width    value="570px"/>
      <textBold value="false"/>
      <textSize value="18px"/>
    </Profile>
    <Profile name="fs25_EVSettingsMultiTextOption"         extends="fs25_settingsMultiTextOption" with="anchorMiddleRight"/>
    <Profile name="fs25_EVSettingsBinaryOption"            extends="fs25_settingsBinaryOption"    with="anchorMiddleRight"/>
    <Profile name="fs25_EVSettingsTextInput"               extends="fs25_settingsTextInput"       with="anchorMiddleRight"/>
    <Profile name="fs25_EVSettingsMultiTextOptionTooltip"  extends="fs25_multiTextOptionTooltip"/>
    <Profile name="fs25_EVRedButton"                       extends="buttonDelete">
      <focusOnHighlight     value="true"/>
      <textColor            value="$preset_colorDarkRed"/>
      <textHighlightedColor value="$preset_colorRed"/>
    </Profile>
  </GUIProfiles>
</GUI>
